stonk_name,stonk_link
Ford Motor,https://www.investing.com/equities/ford-motor-co
Apple,https://www.investing.com/equities/apple-computer-inc
Ascent Solar,https://www.investing.com/equities/ascent-solar-tech
Bank of America,https://www.investing.com/equities/bank-of-america
AT&T,https://www.investing.com/equities/at-t
AMD,https://www.investing.com/equities/adv-micro-device
NVIDIA,https://www.investing.com/equities/nvidia-corp
Marvell,https://www.investing.com/equities/marvell-technology-group-ltd
Petroleo Brasileiro Petrobras ADR,https://www.investing.com/equities/petroleo-bras
Vale ADR,https://www.investing.com/equities/vale-s.a.--americ
Microsoft,https://www.investing.com/equities/microsoft-corp
Pfizer,https://www.investing.com/equities/pfizer
FuelCell Energy,https://www.investing.com/equities/fuelcell-energy
Intel,https://www.investing.com/equities/intel-corp
Tesla,https://www.investing.com/equities/tesla-motors
Wells Fargo&Co,https://www.investing.com/equities/wells-fargo
Cleveland-Cliffs,https://www.investing.com/equities/cleveland-cliffs
Cisco,https://www.investing.com/equities/cisco-sys-inc
Delta Air Lines,https://www.investing.com/equities/delta-air-lines-new
Citigroup,https://www.investing.com/equities/citigroup
ViacomCBS,https://www.investing.com/equities/viacom-cl-b
Sirius XM,https://www.investing.com/equities/sirius-satellite-radio-inc
Verizon,https://www.investing.com/equities/verizon-communications
Riot Blockchain,https://www.investing.com/equities/venaxis
Comcast,https://www.investing.com/equities/comcast-corp-new
Exxon Mobil,https://www.investing.com/equities/exxon-mobil
Barrick Gold,https://www.investing.com/equities/barrick-gold-corp.
CSX,https://www.investing.com/equities/csx-corp
Coca-Cola,https://www.investing.com/equities/coca-cola-co
PG E,https://www.investing.com/equities/pacific-gas-electric
Yamana Gold,https://www.investing.com/equities/yamana-gold
Southwestern Energy,https://www.investing.com/equities/southwestern-energy-company
Freeport-McMoran,https://www.investing.com/equities/freeport-mcm
General Motors,https://www.investing.com/equities/gen-motors
Micron,https://www.investing.com/equities/micron-tech
Macy’s Inc,https://www.investing.com/equities/macys
United States Steel,https://www.investing.com/equities/us-steel-corp
Marathon Oil,https://www.investing.com/equities/marathon-oil
Bristol-Myers Squibb,https://www.investing.com/equities/bristol-myer-squiib
United Airlines Holdings,https://www.investing.com/equities/united-continenta
Transocean,https://www.investing.com/equities/transocea-ltd
HP Inc,https://www.investing.com/equities/hewlett-pack
BIOLASE,https://www.investing.com/equities/biolase-tech
EQT,https://www.investing.com/equities/eqt-corporation
Occidental,https://www.investing.com/equities/occidental-petro
APA Corp,https://www.investing.com/equities/apache-corp
Walt Disney,https://www.investing.com/equities/disney
Walmart,https://www.investing.com/equities/wal-mart-stores
Huntington Bancshares,https://www.investing.com/equities/huntgtn-bkshr
Merck&Co,https://www.investing.com/equities/merck---co
Activision Blizzard,https://www.investing.com/equities/activision-inc
Teva ADR,https://www.investing.com/equities/teva-pharmaceutical-inds-ltd
BlackBerry,https://www.investing.com/equities/research-in-motion-ltd
Walgreens Boots,https://www.investing.com/equities/walgreen-co
JPMorgan,https://www.investing.com/equities/jp-morgan-chase
Kroger,https://www.investing.com/equities/kroger-co
Kinross Gold,https://www.investing.com/equities/kinross-gold
Qualcomm,https://www.investing.com/equities/qualcomm-inc
NextEra Energy,https://www.investing.com/equities/nextera-energy-inc
Procter&Gamble,https://www.investing.com/equities/procter-gamble
Boeing,https://www.investing.com/equities/boeing-co
Visa A,https://www.investing.com/equities/visa-inc
Gap,https://www.investing.com/equities/gap.inc
Cemex ADR,https://www.investing.com/equities/cemex-sab-de-cv-adr
Oracle,https://www.investing.com/equities/oracle-corp
Chevron,https://www.investing.com/equities/chevron
Lumen Technologies,https://www.investing.com/equities/centurylink
Baidu,https://www.investing.com/equities/baidu.com
Regions Financial,https://www.investing.com/equities/regions-fin
ICICI Bank ADR,https://www.investing.com/equities/icici-bank
CTi Biopharma,https://www.investing.com/equities/cell-therapeutics
eBay,https://www.investing.com/equities/ebay-inc
Devon Energy,https://www.investing.com/equities/devon-energy
Mitsubishi UFJ Financial ADR,https://www.investing.com/equities/mits-ufj-financial-grp
Morgan Stanley,https://www.investing.com/equities/morgan-stanley
Schlumberger,https://www.investing.com/equities/schlumberger-ltd
Harmony Gold Mining,https://www.investing.com/equities/harmony-gold-mng
KeyCorp,https://www.investing.com/equities/keycorp-new
Trip.com ADR,https://www.investing.com/equities/ctrip.com-international
Discovery A,https://www.investing.com/equities/discovery-holding-co
Amyris,https://www.investing.com/equities/amyris
Halliburton,https://www.investing.com/equities/halliburton-co
Newmont Goldcorp,https://www.investing.com/equities/newmont-mining
Salesforce.com,https://www.investing.com/equities/salesforce-com
Boston Scientific,https://www.investing.com/equities/boston-scien-cp
Host Hotels Resorts,https://www.investing.com/equities/host-hotels---res
Altria,https://www.investing.com/equities/altria-group
J&J,https://www.investing.com/equities/johnson-johnson
Southwest Airlines,https://www.investing.com/equities/sth-west-airlines
Viatris,https://www.investing.com/equities/mylan-inc
Exelon,https://www.investing.com/equities/exelon-corp
JetBlue,https://www.investing.com/equities/jet-blue
Cumberland,https://www.investing.com/equities/cumberland-pharma
Dell Tech,https://www.investing.com/equities/dell-inc
General Electric,https://www.investing.com/equities/general-electric
Kraft Heinz,https://www.investing.com/equities/kraft-foods-inc
Baker Hughes,https://www.investing.com/equities/baker-hughes
Marathon Petroleum,https://www.investing.com/equities/marathon-petroleum-corp.
TJX,https://www.investing.com/equities/tjx-co-inc
Gilead,https://www.investing.com/equities/gilead-sciences-inc
Applied Materials,https://www.investing.com/equities/applied-matls-inc
MGM,https://www.investing.com/equities/mgm-mirage
Western Union,https://www.investing.com/equities/western-union
Philip Morris,https://www.investing.com/equities/philip-morris-intl
Charles Schwab,https://www.investing.com/equities/charles-schwab
Keurig Dr Pepper,https://www.investing.com/equities/dr-pepper-snapple
NetEase,https://www.investing.com/equities/netease.com
Las Vegas Sands,https://www.investing.com/equities/las-vegas-sands
ConocoPhillips,https://www.investing.com/equities/conoco-phillips
Dow,https://www.investing.com/equities/dow-chemical
Coterra Energy,https://www.investing.com/equities/cabot-oil---gas
Starbucks,https://www.investing.com/equities/starbucks-corp
Williams,https://www.investing.com/equities/williams-cos
Infosys ADR,https://www.investing.com/equities/infosy-tech
Gold Fields ADR,https://www.investing.com/equities/gold-fields-lts
Discovery Communications C,https://www.investing.com/equities/discovery-communications-(c)
Adobe,https://www.investing.com/equities/adobe-sys-inc
Truist Financial Corp,https://www.investing.com/equities/bb-t-corp
Medtronic,https://www.investing.com/equities/medtronic
IBM,https://www.investing.com/equities/ibm
PepsiCo,https://www.investing.com/equities/pepsico
Ballard,https://www.investing.com/equities/ballard-power-systems-inc
Nordstrom,https://www.investing.com/equities/nordstrom-inc
U.S. Bancorp,https://www.investing.com/equities/us-bancorp
The AES,https://www.investing.com/equities/aes-corp
Raytheon Technologies,https://www.investing.com/equities/united-tech
Alcoa,https://www.investing.com/equities/alcoa
Cameco,https://www.investing.com/equities/cameco-corp
Berkshire Hathaway B,https://www.investing.com/equities/berkshire-hathaway
Fiserv,https://www.investing.com/equities/fiserv-inc
Southern,https://www.investing.com/equities/southern-co
MetLife,https://www.investing.com/equities/metlife-inc
AGNC Invest,https://www.investing.com/equities/american-capital-agency
CenterPoint Energy,https://www.investing.com/equities/centerpoint
CVS Health Corp,https://www.investing.com/equities/cvs-corp
Under Armour A,https://www.investing.com/equities/under-armour
Genworth,https://www.investing.com/equities/genworth-finl
Microchip,https://www.investing.com/equities/microchip-technology-inc
Seelos Therapeutics,https://www.investing.com/equities/apricus-biosciences
Clovis,https://www.investing.com/equities/clovis-oncology
Fifth Third,https://www.investing.com/equities/fifth-third-bk
PPL,https://www.investing.com/equities/ppl-corp
Kohls Corp,https://www.investing.com/equities/kohls-corp
Bank of NY Mellon,https://www.investing.com/equities/bk-of-ny
Flex,https://www.investing.com/equities/flextronics-intl-ltd
TechnipFMC,https://www.investing.com/equities/fmc-technologies-inc
Wynn Resorts,https://www.investing.com/equities/wynn-resorts-ltd
Abbott Labs,https://www.investing.com/equities/abbott-laboratories
Home Depot,https://www.investing.com/equities/home-depot
Qurate Retail A,https://www.investing.com/equities/liberty-media-inter
AIG,https://www.investing.com/equities/american-intl-group
Colgate-Palmolive,https://www.investing.com/equities/colgate-palmo
EOG Resources,https://www.investing.com/equities/eog-resources
Nike,https://www.investing.com/equities/nike
Kimco,https://www.investing.com/equities/kimco-realty
Texas Instruments,https://www.investing.com/equities/texas-instru
Netflix,"https://www.investing.com/equities/netflix,-inc."
Mastercard,https://www.investing.com/equities/mastercard-cl-a
Target,https://www.investing.com/equities/target
Corning,https://www.investing.com/equities/corning-inc
Fidelity National Info,https://www.investing.com/equities/fidelity-natl-in
Teck Resources B,https://www.investing.com/equities/teck-cominco
Mosaic,https://www.investing.com/equities/mosaic-company
First Horizon National,https://www.investing.com/equities/first-horizon-ntl
NiSource,https://www.investing.com/equities/ni-source-inc
Dynavax,https://www.investing.com/equities/dynavax-tech
DISH Network,https://www.investing.com/equities/dish-network
Blackstone Group,https://www.investing.com/equities/the-blackstone-group
Clean Energy,https://www.investing.com/equities/clean-energy-fuel
Xilinx,https://www.investing.com/equities/xilinx-inc
Invesco,https://www.investing.com/equities/invesco-ltd
IPG,https://www.investing.com/equities/interpublic-grp
Nucor,https://www.investing.com/equities/nucor
Eli Lilly,https://www.investing.com/equities/eli-lilly-and-co
Johnson Controls,https://www.investing.com/equities/johnson-controls
GameStop Corp,https://www.investing.com/equities/gamestop-corp
Valero Energy,https://www.investing.com/equities/valero-energy
Agenus,https://www.investing.com/equities/agenus-inc
Nuance Communications,https://www.investing.com/equities/nuance-communications
Endo Int,https://www.investing.com/equities/endo-pharmaceuticals
General Mills,https://www.investing.com/equities/general-mills
American Express,https://www.investing.com/equities/american-express
Western Digital,https://www.investing.com/equities/western-digital
Best Buy,https://www.investing.com/equities/best-buy
SunPower,https://www.investing.com/equities/sunpower-corporation
International Paper,https://www.investing.com/equities/intl-paper-co
MGIC Investment,https://www.investing.com/equities/mgic-inv
Lowe’s,https://www.investing.com/equities/lowes-companies
Amazon.com,https://www.investing.com/equities/amazon-com-inc
VMware,https://www.investing.com/equities/vm-ware-inc
DuPont De Nemours,https://www.investing.com/equities/du-pont
Juniper,https://www.investing.com/equities/juniper-networks-inc
Range Resources,https://www.investing.com/equities/range-resources-corp
Nov,https://www.investing.com/equities/ntl-oilwell-varc
Tapestry,https://www.investing.com/equities/coach
Simon Property,https://www.investing.com/equities/simon-prop-grp
Aflac,https://www.investing.com/equities/aflac-inc
Amgen,https://www.investing.com/equities/amgen-inc
Dominion Energy,https://www.investing.com/equities/dominion-res
Dentsply,https://www.investing.com/equities/dentsply-intl-inc-new
Cognizant A,https://www.investing.com/equities/cognizant-technology-solutio
Ball,https://www.investing.com/equities/ball-corp
Honeywell,https://www.investing.com/equities/honeywell-intl
CF Industries,https://www.investing.com/equities/cf-industries
Electronic Arts,https://www.investing.com/equities/electronic-arts-inc
Xcel Energy,https://www.investing.com/equities/xcel-energy
Caterpillar,https://www.investing.com/equities/caterpillar
NortonLifeLock Inc,https://www.investing.com/equities/symantec-corp
McDonald’s,https://www.investing.com/equities/mcdonalds
Unum,https://www.investing.com/equities/unum-group
Cinedigm,https://www.investing.com/equities/cinedigm-digital
ConAgra Foods,https://www.investing.com/equities/conagra-foods
Edwards Lifesciences,https://www.investing.com/equities/edward-lifescience
Marriott Int,https://www.investing.com/equities/marriott-intl
Patterson-UTI Energy,https://www.investing.com/equities/patterson-uti-energy-inc
CoStar,https://www.investing.com/equities/costar-group
Franklin Resources,https://www.investing.com/equities/franklin-res
Tyson Foods,https://www.investing.com/equities/tyson-foods
UnitedHealth,https://www.investing.com/equities/united-health-group
3M,https://www.investing.com/equities/3m-co
Seagate,https://www.investing.com/equities/seagate-technology
Duke Energy,https://www.investing.com/equities/duke-energy
Bausch Health,https://www.investing.com/equities/valeant-pharma
Fastenal,https://www.investing.com/equities/fastenal-co
Mattel,https://www.investing.com/equities/mattel-inc
Builders FirstSource,https://www.investing.com/equities/builders-firstsou
Union Pacific,https://www.investing.com/equities/union-pacific
Costco,https://www.investing.com/equities/costco-whsl-corp-new
Analog Devices,https://www.investing.com/equities/analog-devices
EXACT Sciences,https://www.investing.com/equities/exact-sciences-co
Emerson,https://www.investing.com/equities/emerson-elec
Danaher,https://www.investing.com/equities/danaher-corp
Welltower,https://www.investing.com/equities/health-care-reit
News Corp A,https://www.investing.com/equities/news-corp.
FirstEnergy,https://www.investing.com/equities/first-energy
Viavi Solutions,https://www.investing.com/equities/jds-uniphase-corp
Prologis,https://www.investing.com/equities/prologis
Masco,https://www.investing.com/equities/masco-corp
American Electric Power,https://www.investing.com/equities/american-electric
Allstate,https://www.investing.com/equities/allstate-corporation
CNX Resources,https://www.investing.com/equities/consol-energy
Amphenol,https://www.investing.com/equities/amphenol-corp
Weyerhaeuser,https://www.investing.com/equities/weyerhaeuser
NXP,https://www.investing.com/equities/nxp-semiconductors
Bed Bath&Beyond,https://www.investing.com/equities/bed-bath---beyond-inc
Big Lots,https://www.investing.com/equities/big-lots-inc
PulteGroup,https://www.investing.com/equities/pulte-homes-inc
BGC Partners,https://www.investing.com/equities/bgc-partners
Capital One Financial,https://www.investing.com/equities/capital-one
Goodyear Tire & Rubber Co,https://www.investing.com/equities/goodyear-tire
Goldman Sachs,https://www.investing.com/equities/goldman-sachs-group
Cardinal Health,https://www.investing.com/equities/cardinal-health
Agnico Eagle Mines,https://www.investing.com/equities/agnico-eagle-mines
Omnicom,https://www.investing.com/equities/omnicom-gp-inc
Wheaton Precious Metals,https://www.investing.com/equities/silver-wheaton-corp
Sysco,https://www.investing.com/equities/sysco-corp
Consolidated Edison,https://www.investing.com/equities/cocnsol-edison
America Movil ADR,https://www.investing.com/equities/america-movil
Expedia,https://www.investing.com/equities/expedia
ICE,https://www.investing.com/equities/intercontintlex
Progressive,https://www.investing.com/equities/the-progressive
Vertex,https://www.investing.com/equities/vertex-pharm
DR Horton,https://www.investing.com/equities/d.r.-horton-inc
SLM,https://www.investing.com/equities/slm-corporation
United Parcel Service,https://www.investing.com/equities/united-parcel
Newell Brands,https://www.investing.com/equities/newell-rubber
Principal Financial,https://www.investing.com/equities/principal-fin
Baxter,https://www.investing.com/equities/baxter-intl
Healthpeak Properties,https://www.investing.com/equities/hcp-inc
Pitney Bowes,https://www.investing.com/equities/pitney-bowes-inc
Intuitive Surgical,https://www.investing.com/equities/intuitive-surgical-inc
DXC Technology,https://www.investing.com/equities/comp-science
FedEx,https://www.investing.com/equities/fedex-corp
Autodesk,https://www.investing.com/equities/autodesk-inc
Xerox,https://www.investing.com/equities/xerox-corp
Edison,https://www.investing.com/equities/edison-intl
ONEOK,https://www.investing.com/equities/oneok
3D Systems,https://www.investing.com/equities/3d-systems-corporation
Curis,https://www.investing.com/equities/curis
Monster Beverage,https://www.investing.com/equities/monster-beverage
Cigna,https://www.investing.com/equities/cigna-corp
Accenture,https://www.investing.com/equities/accenture-ltd
VF,https://www.investing.com/equities/vf-corp
Prudential Financial,https://www.investing.com/equities/prudential-fin
Cadence Design,https://www.investing.com/equities/cadence-design-system-inc
Pan American Silver,https://www.investing.com/equities/pan-american-silver-corp
BioCryst,https://www.investing.com/equities/biocryst-pharmaceuticals
Color Star Technology Co,https://www.investing.com/equities/china-advanced
Intuit,https://www.investing.com/equities/intuit
Lennar,https://www.investing.com/equities/lennar
PACCAR,https://www.investing.com/equities/paccar-inc
Female Health,https://www.investing.com/equities/female-health-com
Campbell Soup,https://www.investing.com/equities/campbell-soup
Archer-Daniels-Midland,https://www.investing.com/equities/archer-daniels-mid
Dollar Tree,https://www.investing.com/equities/dollar-tree-inc
8x8,https://www.investing.com/equities/8x8-inc
Discover,https://www.investing.com/equities/discover-financl
Aeterna Zentaris,https://www.investing.com/equities/aeterna-zentaris-inc?cid=15348
Ingersoll Rand,https://www.investing.com/equities/ingersoll-rand
Cyren,https://www.investing.com/equities/commtouch-software
Hormel Foods,https://www.investing.com/equities/hormel-foods-corp
Norfolk Southern,https://www.investing.com/equities/norfolk-southern
Apartment Invest,https://www.investing.com/equities/apt-inv-manage
Chubb,https://www.investing.com/equities/chubb-corp
Cerner,https://www.investing.com/equities/cerner-corporatio
State Street,https://www.investing.com/equities/state-street
Broadcom,https://www.investing.com/equities/avago-technologies
DTE Energy,https://www.investing.com/equities/dte-energy
Digital Ally,https://www.investing.com/equities/digital-ally
Marsh McLennan,https://www.investing.com/equities/marsh---mclennan
NRG,https://www.investing.com/equities/nrg-energy-inc
Alphabet A,https://www.investing.com/equities/google-inc
Yum! Brands,https://www.investing.com/equities/yum!-brands-inc
Bath Body Works,https://www.investing.com/equities/limited-brands
H&R Block,https://www.investing.com/equities/h---r-block-inc
CBAK Energy,https://www.investing.com/equities/china-bak-battery
UBS Group,https://www.investing.com/equities/ubs-group-n?cid=8132
Stanley Black Decker,https://www.investing.com/equities/stanley-works
NetApp,https://www.investing.com/equities/network-appliance-inc
Site Centers,https://www.investing.com/equities/ddr
Murphy Oil,https://www.investing.com/equities/murphy-oil-corp
Chimera Investment,https://www.investing.com/equities/chimera-investment-corp
Yandex,https://www.investing.com/equities/yandex
Ventas,https://www.investing.com/equities/ventas-inc
Hess,https://www.investing.com/equities/hess-corp
Pioneer Natural,https://www.investing.com/equities/pioneer-natural-resources
Canadian Solar Inc,https://www.investing.com/equities/canadian-solar
Sherwin-Williams,https://www.investing.com/equities/sherwinwilliams
Lincoln National,https://www.investing.com/equities/lincoln-natl
Hartford,https://www.investing.com/equities/hartford-finl
IGT,https://www.investing.com/equities/intl-game-tech
Amicus,https://www.investing.com/equities/amicus-therapeutics
Zimmer Biomet,https://www.investing.com/equities/zimmer-hldgs
Ecolab,https://www.investing.com/equities/ecolab-inc
Cerus,https://www.investing.com/equities/cerus-corp
Allscripts,https://www.investing.com/equities/allscripts-misys-healthcre-solution
Steel Dynamics,https://www.investing.com/equities/steel-dynamics
Ross Stores,https://www.investing.com/equities/ross-stores-inc
Sarepta,https://www.investing.com/equities/sarepta
Ionis Pharma,https://www.investing.com/equities/isis-pharma
Kimberly-Clark,https://www.investing.com/equities/kimberly-clark
Kellogg,https://www.investing.com/equities/kellogg-co.
KB Home,https://www.investing.com/equities/kb-home
Abercrombie&Fitch,https://www.investing.com/equities/aberc-fitch-a
Public Service Enterprise,https://www.investing.com/equities/publ-svc-enter
American Tower,https://www.investing.com/equities/amer-tower-corp
PNC Financial,https://www.investing.com/equities/pnc-fin-serv
Thermo Fisher Scientific,https://www.investing.com/equities/thermo-fisher-sc
Athersys,https://www.investing.com/equities/athersys
Ciena Corp,https://www.investing.com/equities/ciena
Stryker,https://www.investing.com/equities/stryker
Sempra Energy,https://www.investing.com/equities/sempra-energy
CH Robinson,https://www.investing.com/equities/c-h-robinson-worldwide-inc
Teradyne,https://www.investing.com/equities/teradyne-inc
ADP,https://www.investing.com/equities/auto-data-process
Big 5,https://www.investing.com/equities/big-5-sporting-go
Helmerich Payne,https://www.investing.com/equities/helmerich---payne
Eversource Energy,https://www.investing.com/equities/northeast-utilities
Corcept,https://www.investing.com/equities/corcept-therapeutics
CBRE A,https://www.investing.com/equities/cbre
Lockheed Martin,https://www.investing.com/equities/lockheed-martin
Comerica,https://www.investing.com/equities/comerica-inc
Anthem,https://www.investing.com/equities/wellpoint-inc
First Solar,https://www.investing.com/equities/first-solar-inc
Molson Coors Brewing B,https://www.investing.com/equities/molson-coors
PPG Industries,https://www.investing.com/equities/ppg-industries
Grupo Televisa ADR,https://www.investing.com/equities/grupo-televisa-sa-adr
JM Smucker,https://www.investing.com/equities/jm-smucker-co
Teradata,https://www.investing.com/equities/teradata
Nippon ADR,https://www.investing.com/equities/nippon-telegraph
S&P Global,https://www.investing.com/equities/mcgraw-hill
Alphatecs,https://www.investing.com/equities/alphatec-holdings
Fluor,https://www.investing.com/equities/fluor-corp
Darden Restaurants,https://www.investing.com/equities/dardem-rest
Seagen,"https://www.investing.com/equities/seattle-genetics,"
WEC Energy,https://www.investing.com/equities/wisconsin-energy-corp
Newegg Commerce,https://www.investing.com/equities/dehaier-medical-systems
Estee Lauder,https://www.investing.com/equities/estee-lauder
General Dynamics,https://www.investing.com/equities/general-dynam
McKesson,https://www.investing.com/equities/mckesson-corp
Eastman Chemical,https://www.investing.com/equities/eastman-chem
Coca-Cola European,https://www.investing.com/equities/coca-cola-ent
Wipro ADR,https://www.investing.com/equities/wipro
DexCom,https://www.investing.com/equities/dexcom
Iron Mountain,https://www.investing.com/equities/iron-mountain-inc
Wolfspeed,https://www.investing.com/equities/cree-inc.
Equity Residential,https://www.investing.com/equities/eq-resident
Alkermes Plc,https://www.investing.com/equities/alkermes-plc
Quest Diagnostics,https://www.investing.com/equities/quest-diag
Aon,https://www.investing.com/equities/aon-corp
Travelers,https://www.investing.com/equities/the-travelers-co
Deere&Company,https://www.investing.com/equities/deere---co
Agilent Technologies,https://www.investing.com/equities/agilent-tech
Eaton,https://www.investing.com/equities/eaton
HDFC Bank ADR,https://www.investing.com/equities/hdfc-bank
Urban Outfitters,https://www.investing.com/equities/urban-outfitters
Lam Research,https://www.investing.com/equities/lam-research-corp
Charter Communications,https://www.investing.com/equities/charter-communications
T Rowe,https://www.investing.com/equities/t-rowe-price-gp
Take-Two,https://www.investing.com/equities/take-two-interactive
Crocs,https://www.investing.com/equities/crocs
KLA-Tencor,https://www.investing.com/equities/kla-tencor-corp
Biogen,https://www.investing.com/equities/biogen-idec-inc
CME Group,https://www.investing.com/equities/cme-group-inc.
Biomarin Pharma,https://www.investing.com/equities/biomarin-pharmaceuticals
Citrix Systems,https://www.investing.com/equities/citrix-sys-inc
Becton Dickinson,https://www.investing.com/equities/becton-dickinsn
Cytokinetics Inc,https://www.investing.com/equities/cytokinetics
Zions,https://www.investing.com/equities/zions-bancorp
Vornado,https://www.investing.com/equities/vornado-realty
IFF,https://www.investing.com/equities/intl-flav---frag
Cummins,https://www.investing.com/equities/cummins-inc
SSR Mining,https://www.investing.com/equities/silver-standard-resources
RR Donnelley & Sons,"https://www.investing.com/equities/donnelley,-r.r.---sons"
Liberty Global,https://www.investing.com/equities/liberty-global-inc
Paychex,https://www.investing.com/equities/paychex-inc
Ameren,https://www.investing.com/equities/ameren-corp
Clorox,https://www.investing.com/equities/clorox-co
Associated Banc-Corp,https://www.investing.com/equities/associated-banc-corp
CMS Energy,https://www.investing.com/equities/cms-energy-corp
Waste Management,https://www.investing.com/equities/waste-managemnt
AmerisourceBergen,https://www.investing.com/equities/amerisourcebergn
Magna Intl,https://www.investing.com/equities/magna-international
DaVita,https://www.investing.com/equities/davita-inc
Garmin,https://www.investing.com/equities/garmin-ltd
Allegheny Technologies,https://www.investing.com/equities/allegheny-tech
Air Products,https://www.investing.com/equities/air-prods---chem
PerkinElmer,https://www.investing.com/equities/perkinelmer
Hologic,https://www.investing.com/equities/hologic-inc
McCormick&Co,https://www.investing.com/equities/mccormick---co
ACADIA,https://www.investing.com/equities/acadia-pharmaceuticals
The Cheesecake,https://www.investing.com/equities/the-cheesecake-factory
Durect,https://www.investing.com/equities/durect-corp
Expeditors Washington,https://www.investing.com/equities/expeditors-intl-wash-inc
Honda Motor ADR,https://www.investing.com/equities/honda
Illumina,"https://www.investing.com/equities/illumina,-inc."
Amkor,https://www.investing.com/equities/amkor-technology
Rambus,https://www.investing.com/equities/rambus-inc
Extreme,https://www.investing.com/equities/extreme-networks
Robert Half,https://www.investing.com/equities/robert-half-intl
L3Harris Technologies,https://www.investing.com/equities/harris-corporation
Aehr Test Systems,https://www.investing.com/equities/aehr-test-systems
Textron,https://www.investing.com/equities/textron-inc
Harley-Davidson,https://www.investing.com/equities/harley-davidson
AcelRx,https://www.investing.com/equities/acelrx-pharmaceuticals
Essential Utilities,https://www.investing.com/equities/aqua-america-inc.
Akamai,https://www.investing.com/equities/akamai-technologies-inc
Sealed Air,https://www.investing.com/equities/sealed-air
Rockwell Automation,https://www.investing.com/equities/rockwell-automat
Codexis,https://www.investing.com/equities/codexis
Jefferies Financial,https://www.investing.com/equities/leucadia-natl
Allied Healthcare,https://www.investing.com/equities/allied-healthcare
Entegris,https://www.investing.com/equities/entegris-inc.
Arch Resources,https://www.investing.com/equities/arch-coal-inc
Vulcan Materials,https://www.investing.com/equities/vulcan-matrls
Nomura ADR,https://www.investing.com/equities/nomura-holdings
FMC,https://www.investing.com/equities/fmc-corp
Loews,https://www.investing.com/equities/loews-corporation
Tenet Healthcare,https://www.investing.com/equities/tenet-healthcare
Check Point Software,https://www.investing.com/equities/check-point-software-tech-lt
Entergy,https://www.investing.com/equities/entergy-corp
Fortress Biotech,https://www.investing.com/equities/coronado-bioscien
Equifax,https://www.investing.com/equities/equifax-inc
Tupperware Brands,https://www.investing.com/equities/tupperware-brands
Illinois Tool Works,https://www.investing.com/equities/illinois-tool-wk-r
eHealth,https://www.investing.com/equities/ehealth
Mizuho Financial ADR,https://www.investing.com/equities/mizuho
Boston Properties,https://www.investing.com/equities/boston-ppty
BioDelivery Sciences,https://www.investing.com/equities/biodelivery
Catalyst Pharmaceuticals,https://www.investing.com/equities/catalyst-pharmaceuticals
News Corp,https://www.investing.com/equities/news-corporation
M&T Bank,https://www.investing.com/equities/m-t-bank-corp
Constellation Brands A,https://www.investing.com/equities/constellation-a
Nasdaq Inc,https://www.investing.com/equities/nasdaq-omx-group
Cognex,https://www.investing.com/equities/cognex-corp
Alpha & Omega Semiconductor,https://www.investing.com/equities/alpha-and-omega
Columbia Banking,https://www.investing.com/equities/columbia-banking
Hershey Co,https://www.investing.com/equities/hershey-co
Compugen,https://www.investing.com/equities/compugen?cid=15702
AutoNation,https://www.investing.com/equities/autonation-inc
Pinnacle West,https://www.investing.com/equities/pinnacle-west
Yellow,https://www.investing.com/equities/yrc-worldwide
Ralph Lauren A,https://www.investing.com/equities/polo-ralph-laur
Accuray,https://www.investing.com/equities/accuray-incorped
Sharing Economy,https://www.investing.com/equities/cleantech
ENGlobal,https://www.investing.com/equities/englobal-corp
Hope Bancorp,https://www.investing.com/equities/bbcn-bancorp
Henry Schein,https://www.investing.com/equities/henry-schein
Moodys,https://www.investing.com/equities/moodys-corp
Dover,https://www.investing.com/equities/dover-corp
NCR,https://www.investing.com/equities/ncr-corp
Tata Motors ADR,https://www.investing.com/equities/tata-motors
ACI Worldwide,https://www.investing.com/equities/aci-worldwide
Southern Copper,https://www.investing.com/equities/southern-copper-corp.
Jabil Circuit,https://www.investing.com/equities/jabil-circuit
VeriSign,https://www.investing.com/equities/verisign-inc
Destination XL Group,https://www.investing.com/equities/destination-xl
Arena Pharma,https://www.investing.com/equities/arena-pharma
Synovus,https://www.investing.com/equities/synovus-finan
Motorola,https://www.investing.com/equities/motorola-inc
Brown Forman,https://www.investing.com/equities/brown-forman-b
AvalonBay,https://www.investing.com/equities/avalonbay-comm
Sohu.Com,https://www.investing.com/equities/sohu-com-inc
NewYork Times,https://www.investing.com/equities/new-york-times
First Midwest,https://www.investing.com/equities/first-midwest-ban
The Hain Celestial,https://www.investing.com/equities/hain-celestial-group
Axon Enterprise,https://www.investing.com/equities/taser-intl
Sandridge Energy,https://www.investing.com/equities/sandridge-energy
Mullen Automotive,https://www.investing.com/equities/net-element-inc
Delcath Systems,https://www.investing.com/equities/delcath-systems
Northrop Grumman,https://www.investing.com/equities/northrop-grumman
Hasbro,https://www.investing.com/equities/hasbro-inc
Patterson,https://www.investing.com/equities/patterson-companies-inc
China Jo-Jo Drugstores,https://www.investing.com/equities/china-jo-jo-drugs
Green Brick Partners Inc,https://www.investing.com/equities/biofuel-energy
Arrowhead Pharma,https://www.investing.com/equities/arrowhead-research-corp
CarMax,https://www.investing.com/equities/carmax-inc
Euronet,https://www.investing.com/equities/euronet-worldwide
BioLineRx,https://www.investing.com/equities/biolinerx-ltd
Oshkosh,https://www.investing.com/equities/oshkosh-corporati
Whirlpool,https://www.investing.com/equities/whirl-pool-corp
Ryder System,https://www.investing.com/equities/ryder-system-inc
Travel + Leisure Co,https://www.investing.com/equities/wyndham-world
Capitol Federal,https://www.investing.com/equities/capitol-federal-financial
RPC,https://www.investing.com/equities/rpc-inc.
Ameriprise Financial,https://www.investing.com/equities/ameriprise-fincl
Leggett&Platt,https://www.investing.com/equities/leggett---platt
Sony ADR,https://www.investing.com/equities/sony
Itron,https://www.investing.com/equities/itron-inc.
Parker-Hannifin,https://www.investing.com/equities/parkerhannifin
Alnylam,https://www.investing.com/equities/alnylam-pharmaceuticals
East West Bancorp,https://www.investing.com/equities/east-west-bancorp
O-I Glass,https://www.investing.com/equities/owens-illinois-inc
Cintas,https://www.investing.com/equities/cintas-corp
BlackRock,"https://www.investing.com/equities/blackrock,-inc.-c"
Celsion,https://www.investing.com/equities/celsion-corp.
Public Storage,https://www.investing.com/equities/public-stg-mld
ARCA Biopharma,https://www.investing.com/equities/arca-biopharma
Republic Services,https://www.investing.com/equities/republic-services-inc
Northern Trust,https://www.investing.com/equities/northern-trust
Alliance Resource,https://www.investing.com/equities/alliance-resource
Encore Capital,https://www.investing.com/equities/encore-capital-gr
Brunswick,https://www.investing.com/equities/brunswick-corp
Denny’s,https://www.investing.com/equities/dennys-corp
Adtalem Education,https://www.investing.com/equities/devry-inc
Autoliv,https://www.investing.com/equities/autoliv-inc.
Humana,https://www.investing.com/equities/humana-inc
Flowserve,https://www.investing.com/equities/flowserve-corp
1-800 FLOWERS.COM,https://www.investing.com/equities/1-800-flowers.com
Coherus BioSciences,https://www.investing.com/equities/charming-shoppes
Career,https://www.investing.com/equities/career-education
Genuine Parts,https://www.investing.com/equities/genuine-parts-co
Federated Investors B,https://www.investing.com/equities/fed-investors
Align,https://www.investing.com/equities/align-technology
IAC/InterActiveCorp,https://www.investing.com/equities/iac-interactivecorp
Polarityte,https://www.investing.com/equities/majesco-entertainment
Astrotech,https://www.investing.com/equities/astrotech-corp
Assertio Therapeutics,https://www.investing.com/equities/depomed
Globe Life,https://www.investing.com/equities/torchmark-corp
BJs Restaurants,https://www.investing.com/equities/bjs-restaurants
Sprott Physical Gold and Silver Trust,https://www.investing.com/equities/central-fund-of-canada-limited
Ceragon,https://www.investing.com/equities/ceragon
Royal Gold,https://www.investing.com/equities/royal-gold-inc.
Laboratory America,https://www.investing.com/equities/laboratory-corp-of-amer
Canon ADR,https://www.investing.com/equities/canon
Fluidigm,https://www.investing.com/equities/fluidigm-corp
Middleby Corp,https://www.investing.com/equities/the-middleby-corp
Vericel Corp Ord,https://www.investing.com/equities/aastrom-bioscienc
Cadiz,https://www.investing.com/equities/cadiz
Lazard,https://www.investing.com/equities/lazard-ltd
O’Reilly Automotive,https://www.investing.com/equities/oreilly-automotive
JB Hunt,https://www.investing.com/equities/j.b.-hunt-transpo
Terex,https://www.investing.com/equities/terex-corp
Cincinnati Financial,https://www.investing.com/equities/cincinnati-fin
Avadel Pharma,https://www.investing.com/equities/flamel-tech
Atlas Air,https://www.investing.com/equities/atlas-air-worldwide
Cohu,https://www.investing.com/equities/cohu
Cirrus,https://www.investing.com/equities/cirrus-logic-inc.
Daktronics,https://www.investing.com/equities/daktronics
Liveramp,https://www.investing.com/equities/acxiom-inc
CVB Financial,https://www.investing.com/equities/cvb-financial-corp
Jacobs Engineering,https://www.investing.com/equities/jacobs-engineer
Cutera,https://www.investing.com/equities/cutera
Avery Dennison,https://www.investing.com/equities/avery-dennison
ANSYS,https://www.investing.com/equities/ansys
Carter’s,https://www.investing.com/equities/carters-inc
Amedisys,https://www.investing.com/equities/amedisys-inc
Option Care Health,https://www.investing.com/equities/bioscrip
Celldex Therapeutics,https://www.investing.com/equities/celldex-therapeutics
MBIA,https://www.investing.com/equities/mbia-inc
Chipotle Mexican Grill,https://www.investing.com/equities/chipotle-mexican-grill-inc
M/I Homes,https://www.investing.com/equities/m-i-homes-inc
Roper Technologies,https://www.investing.com/equities/roper-industries
Antelope Enterprise Holdings,https://www.investing.com/equities/china-ceramics
Bottomline,https://www.investing.com/equities/bottomline-techno
Avid,https://www.investing.com/equities/avid-technology
Booking,https://www.investing.com/equities/priceline.com-inc
ZW Data Action Technologies,https://www.investing.com/equities/chinanet-online
F5 Networks,https://www.investing.com/equities/f5-networks-inc
Bridgeline Digital,https://www.investing.com/equities/bridgeline-digita
Equinix,"https://www.investing.com/equities/equinix,-inc."
Cracker Barrel Old,https://www.investing.com/equities/cracker-barrelold-country
Denbury Resources,https://www.investing.com/equities/denbury-resources-inc
Commerce Bancshares,https://www.investing.com/equities/commerce-bancshar
Cardiovascular,https://www.investing.com/equities/cardiovascular
Sify,https://www.investing.com/equities/sify-technologies
Waters,https://www.investing.com/equities/waters-corp
EMCORE,https://www.investing.com/equities/emcore-corp
Acacia Research,https://www.investing.com/equities/acacia-research-corp
Ashland Global,https://www.investing.com/equities/ashland-inc
Nustar,https://www.investing.com/equities/nustar-energy-l.p.
AtriCure,https://www.investing.com/equities/atricure
ODP,https://www.investing.com/equities/office-depot
Rogers Communications,https://www.investing.com/equities/rogers-communicat
Consolidated Communications,https://www.investing.com/equities/consolidated-comm
Ryanair ADR,https://www.investing.com/equities/ryanair-hldgs
Assurant,https://www.investing.com/equities/assurant
Axcelis,https://www.investing.com/equities/axcelis-tech
AVEO,https://www.investing.com/equities/aveo-pharmaceuticals
Citi Trends,https://www.investing.com/equities/citi-trends
Cross Country,https://www.investing.com/equities/cross-country
BSQUARE,https://www.investing.com/equities/bsquare-corp
Reliance Steel&Aluminum,https://www.investing.com/equities/reliance-steel---aluminum-co.
Titan,https://www.investing.com/equities/titan-international
Weatherford,https://www.investing.com/equities/weatherfgord-intl
Biocept,https://www.investing.com/equities/bioclinica
Acadia Healthcare,https://www.investing.com/equities/acadia-healthcare
FirstCash,https://www.investing.com/equities/first-cash-financial
Lamar,https://www.investing.com/equities/lamar-advertising-co
Berkshire Hills Bancorp,https://www.investing.com/equities/berkshire-hills-b
IPG Photonics,https://www.investing.com/equities/ipg-photonics-corp.
Dillards,https://www.investing.com/equities/dillards
First Financial Bancorp,https://www.investing.com/equities/first-financial-bancorp
Cathay,https://www.investing.com/equities/cathay-general
Ameris,https://www.investing.com/equities/ameris-bancorp
Columbia Sportswear,https://www.investing.com/equities/columbia-sportswear
Calumet,https://www.investing.com/equities/calumet-specialty
American Superconductor,https://www.investing.com/equities/american-superconductor
Broadwind,https://www.investing.com/equities/broadwind-energy
Sears,https://www.investing.com/equities/sears-hldgs-corp
Stewart Info Services,https://www.investing.com/equities/stewart-information-services-corp
Conns,https://www.investing.com/equities/conns
FormFactor,https://www.investing.com/equities/formfactor
Capital Product,https://www.investing.com/equities/capital-product-partners
Camtek,https://www.investing.com/equities/camtek?cid=15640
ADTRAN,https://www.investing.com/equities/adtran-inc.
ABIOMED,https://www.investing.com/equities/abiomed
Makita,https://www.investing.com/equities/makita-corp
Beacon Roofing,https://www.investing.com/equities/beacon-roofing
aTyr Pharma,https://www.investing.com/equities/life-tech-corp
First Interstate BancSystem,https://www.investing.com/equities/first-interstate
Energy Recovery,https://www.investing.com/equities/energy-recovery
National Beverage,https://www.investing.com/equities/national-beverage
The Chefs Warehouse,https://www.investing.com/equities/the-chefs-warehouse
Astronics,https://www.investing.com/equities/astronics-corp
Unisys,https://www.investing.com/equities/unisys-corp
Stericycle,https://www.investing.com/equities/stericycle-inc
Cytori Therapeutics,https://www.investing.com/equities/cytori-therapeutics
AAON,https://www.investing.com/equities/aaon
Argo Group Int,https://www.investing.com/equities/argo-group-intern
EW Scripps A,https://www.investing.com/equities/e.w.-scripps-comp
Blackbaud,https://www.investing.com/equities/blackbaud
Casella,https://www.investing.com/equities/casella-waste-sys
Beasley,https://www.investing.com/equities/beasley-broadcast
ArcBest Corp,https://www.investing.com/equities/arkansas-best-corp
CONMED,https://www.investing.com/equities/conmed-corp
Nexus Energy,https://www.investing.com/equities/nexus-energy
ASGN,https://www.investing.com/equities/on-assignment
First Financial Bankshares,https://www.investing.com/equities/first-financial-bankshares
Cal-Maine,https://www.investing.com/equities/cal-maine-foods
Radware,https://www.investing.com/equities/radware-ltd.
EZCORP,https://www.investing.com/equities/ezcorp
Ribbon Com,https://www.investing.com/equities/sonus-networks
Gentherm,https://www.investing.com/equities/gentherm
Diodes,https://www.investing.com/equities/diodes-inc
WW Grainger,https://www.investing.com/equities/w-w-grainger-inc
Balchem,https://www.investing.com/equities/balchem-corp
Capital Southwest,https://www.investing.com/equities/capital-southwest
ITT,https://www.investing.com/equities/itt-corp
Amtech,https://www.investing.com/equities/amtech-systems
Axos Financial,https://www.investing.com/equities/bofi-holding
Clarus,https://www.investing.com/equities/black-diamond
Snap-On,https://www.investing.com/equities/snapon-inc
AngioDynamics,https://www.investing.com/equities/angiodynamics
Enterprise Financial,https://www.investing.com/equities/enterprise-financial
Cowen Group,https://www.investing.com/equities/cowen-group
Advanced Energy,https://www.investing.com/equities/advanced-energy
Exponent,https://www.investing.com/equities/exponent
Calavo Growers,https://www.investing.com/equities/calavo-growers
Statera Biopharma,https://www.investing.com/equities/cleveland-biolabs
Brookline Bancorp,https://www.investing.com/equities/brookline-bancorp
Ebix,https://www.investing.com/equities/ebix-inc
CSG Systems,https://www.investing.com/equities/csg-systems
Enzon,https://www.investing.com/equities/enzon-pharmaceuticals
CMC Materials,https://www.investing.com/equities/cabot-microelectr
The Ensign,https://www.investing.com/equities/the-ensign-group
Meta Financial,https://www.investing.com/equities/meta-financial
Toyota Motor ADR,https://www.investing.com/equities/toyota
Banc of California,https://www.investing.com/equities/banc-of-california
Cogent,https://www.investing.com/equities/cogent-communications
Albireo Pharma,https://www.investing.com/equities/biodel-inc
Dime Community,https://www.investing.com/equities/dime-community-ba
Churchill Downs,https://www.investing.com/equities/churchill-downs
Descartes Systems,https://www.investing.com/equities/descartes-systems-group-inc?cid=15939
AXT,https://www.investing.com/equities/axt-inc
Coherent,https://www.investing.com/equities/coherent
Manitowoc,https://www.investing.com/equities/manitowoc-co.
Allegiant,https://www.investing.com/equities/allegiant-travel
Caseys,https://www.investing.com/equities/caseys-general
Central Garden&Pet A,https://www.investing.com/equities/central-garden-pet-a
AeroVironment,https://www.investing.com/equities/aerovironment
Digimarc,https://www.investing.com/equities/digimarc-corp
Flushing,https://www.investing.com/equities/flushing-financial
Piper Jaffray,https://www.investing.com/equities/piper-jaffray-co
Inotiv,https://www.investing.com/equities/bioanalytical-sys
AutoZone,https://www.investing.com/equities/autozone-inc
ManTech,https://www.investing.com/equities/mantech-international
BOK Financial,https://www.investing.com/equities/bok-financial-corp
DRDGOLD ADR,https://www.investing.com/equities/drdgold-ltd
Shyft Group Inc,https://www.investing.com/equities/spartan-motors
Bel Fuse B,https://www.investing.com/equities/bel-fuse-inc-(b)
Eagle Bulk Shipping,https://www.investing.com/equities/eagle-bulk-shippi
Franklin Electric,https://www.investing.com/equities/franklin-electric
Dr. Reddy’s Labs ADR,https://www.investing.com/equities/dr.-reddys-laboratories
Overseas Shipholding,https://www.investing.com/equities/overseas-shipholding-group
Charles&Colvard,https://www.investing.com/equities/charles---colvard
First Bancorp,https://www.investing.com/equities/first-bancorp
Altra,https://www.investing.com/equities/altra-holdings
CalAmp,https://www.investing.com/equities/calamp-corp
IRSA Propiedades ADR,https://www.investing.com/equities/alto-palermo-sa
American Woodmark,https://www.investing.com/equities/american-woodmark
Banner,https://www.investing.com/equities/banner-corp
China Natural Resources,https://www.investing.com/equities/china-natural
Erie Indemnity,https://www.investing.com/equities/erie-indemnity-co
Fanhua,https://www.investing.com/equities/cninsure-inc
Enerpac Tool Group,https://www.investing.com/equities/actuant-corp
The Andersons,https://www.investing.com/equities/the-andersons
Coca-Cola Femsa ADR,https://www.investing.com/equities/coca-cola-femsa-adr
Commercial Vehicle,https://www.investing.com/equities/commercial-vehicl
Aviat,https://www.investing.com/equities/aviat-networks
Star Equity Holdings,https://www.investing.com/equities/digirad-corp
Cresud SACIF,https://www.investing.com/equities/cresud-s.a.c.i.f.
ADES,https://www.investing.com/equities/ada-es
Dynatronics,https://www.investing.com/equities/dynatronics-corp
Credit Acceptance,https://www.investing.com/equities/credit-acceptance
Acorda,https://www.investing.com/equities/acorda-therapeutics
First Busey,https://www.investing.com/equities/first-busey-corp
Astec,https://www.investing.com/equities/astec-industries
Atlanticuss,https://www.investing.com/equities/atlanticuss
Computer Programs&Systems,https://www.investing.com/equities/computer-programs
Addus,https://www.investing.com/equities/addus-homecare
American Software,https://www.investing.com/equities/american-software
CEVA,https://www.investing.com/equities/ceva
Digi,https://www.investing.com/equities/digi--international
Hong Yuan Holding Group,https://www.investing.com/equities/cereplast
ExlServices,https://www.investing.com/equities/exlservice-holdin
Nabors Industries,https://www.investing.com/equities/nabors-inds
Anika,https://www.investing.com/equities/anika-therapeutics
Comtech,https://www.investing.com/equities/comtech-tele
US Ecology,https://www.investing.com/equities/us-ecology
Taoping,https://www.investing.com/equities/china-information
Capstone Green Energy,https://www.investing.com/equities/capstone-turbine-corp
American Public Education,https://www.investing.com/equities/american-public-education
Natus,https://www.investing.com/equities/natus-medical-inc
Pingtan Marine,https://www.investing.com/equities/pingtan-marine
Allot Communications,https://www.investing.com/equities/allot-communications-ta?cid=15373
CytRx,https://www.investing.com/equities/cytrx-corp
Farmer Bros. Co,https://www.investing.com/equities/farmer-brothers-c
eGain,https://www.investing.com/equities/egain-communications
Dawson Geophysical,https://www.investing.com/equities/dawson-geophysica
Carver,https://www.investing.com/equities/carver-bancorp
China Automotive,https://www.investing.com/equities/china-automotive
Clearfield,https://www.investing.com/equities/clearfield
CTI Industries,https://www.investing.com/equities/cti-industries-corp
US Gold,https://www.investing.com/equities/dataram-corp
Century Casinos,https://www.investing.com/equities/century-casinos
ClearOne,https://www.investing.com/equities/clearone-communications
CVD Equipment,https://www.investing.com/equities/cvd-equipment-corp
Columbus McKinnon,https://www.investing.com/equities/columbus-mckinnon
Covenant,https://www.investing.com/equities/covenant-transpor
Euroseas,https://www.investing.com/equities/euroseas-ltd
CECO Environmental,https://www.investing.com/equities/ceco-environmenta
The Dixie,https://www.investing.com/equities/the-dixie-group
America First Tax,https://www.investing.com/equities/america-first-tax
Americas Car-Mart,https://www.investing.com/equities/americas-car-mart
QuickLogic,https://www.investing.com/equities/quicklogic-corp.
Broadway Financial,https://www.investing.com/equities/broadway-financial
Consumer Portfolio Services,https://www.investing.com/equities/consumer-portfolio
AudioCodes,https://www.investing.com/equities/audiocodes?cid=15499
Community Trust,https://www.investing.com/equities/community-trust-bancorp
Alpine Immune Sciences,https://www.investing.com/equities/novellus-sys
Burcon NutraScience,https://www.investing.com/equities/burcon-nutrascience-corp?cid=15617
Apogee,https://www.investing.com/equities/apogee-enterprise
AMERISAFE,https://www.investing.com/equities/amerisafe
CNB Financial,https://www.investing.com/equities/cnb-financial-corp
Motorcar Parts,https://www.investing.com/equities/motorcar-parts-of-america
EDAP,https://www.investing.com/equities/edap-tms-sa
Forward Industries,https://www.investing.com/equities/forward-industries
Cyclacel,https://www.investing.com/equities/cyclacel-pharmaceuticals
Hovnanian Enterprises,https://www.investing.com/equities/hovnanian-enter
Farmers National,https://www.investing.com/equities/farmers-national
Eagle,https://www.investing.com/equities/eagle-bancorp
American National Insurance,https://www.investing.com/equities/american-national-insurance
Consolidated Water,https://www.investing.com/equities/consolidated-water
Cohen Steers,https://www.investing.com/equities/cohen---steers-inc.
Cyanotech,https://www.investing.com/equities/cyanotech-corp
Blueknight,https://www.investing.com/equities/blueknight-energy
Dmc Global,https://www.investing.com/equities/dynamic-materials
BancFirst,https://www.investing.com/equities/bancfirst-corp
Central Garden&Pet,https://www.investing.com/equities/central-garden---pet-co.
Dorman,https://www.investing.com/equities/dorman-products
Evolving Systems,https://www.investing.com/equities/evolving-systems
Premier Financial,https://www.investing.com/equities/first-defiance
Agilysys,https://www.investing.com/equities/agilysys
Cavco,https://www.investing.com/equities/cavco-industries
China Recycling Energy,https://www.investing.com/equities/china-recycling
FARO,https://www.investing.com/equities/faro-technologies
DXP Enterprises,https://www.investing.com/equities/dxp-enterprises
First Financial Northwest,https://www.investing.com/equities/first-financial-northwest
Acorn,https://www.investing.com/equities/acorn-energy
Lindsay,https://www.investing.com/equities/lindsay-corporation
Grupo Aeroportuario Sureste ADR,https://www.investing.com/equities/grupo-aeroportuario-sur-adr
Bryn Mawr Bank,https://www.investing.com/equities/bryn-mawr-bank-co
Alimera,https://www.investing.com/equities/alimera-sciences
Cass,https://www.investing.com/equities/cass-information
ADDvantage,https://www.investing.com/equities/addvantage-technologies
Asure,https://www.investing.com/equities/asure-software-inc
First of Long Island,https://www.investing.com/equities/the-first-of-long
Enstar,https://www.investing.com/equities/enstar-group-ltd
UTStarcom,https://www.investing.com/equities/utstarcom-inc
First Community,https://www.investing.com/equities/first-community-corp
Dorchester Minerals,https://www.investing.com/equities/dorchester-minera
First Citizens BancShares,https://www.investing.com/equities/first-citizens-bancshares
Aware,https://www.investing.com/equities/aware
Bassett,https://www.investing.com/equities/bassett-furniture
ATA,https://www.investing.com/equities/ata-inc
City Holding,https://www.investing.com/equities/city-holding-comp
Crown Crafts,https://www.investing.com/equities/crown-crafts
BCB Bancorp,https://www.investing.com/equities/bcb-bancorp
CorVel,https://www.investing.com/equities/corvel-corp
ATN Int,https://www.investing.com/equities/atlantic-tele-net
Financial Institutions,https://www.investing.com/equities/financial-institutions
Autoweb,https://www.investing.com/equities/autobytel-inc
World Poker Fund Holdings,https://www.investing.com/equities/mmk_mm
Stabilis Solutions,https://www.investing.com/equities/american-electric-tech
The First Bancshares,https://www.investing.com/equities/the-first-bancshares
China Fund,https://www.investing.com/equities/china-fund-inc
Trecora Resources,https://www.investing.com/equities/arabian-american
CRA,https://www.investing.com/equities/cra-international
Flexsteel,https://www.investing.com/equities/flexsteel-industries
Sierra Bancorp,https://www.investing.com/equities/sierra-bancorp
Oi ADR Pref,https://www.investing.com/equities/oi
Janone,https://www.investing.com/equities/appliance-recycling
China Green Agriculture,https://www.investing.com/equities/china-green
Asia Pacific Wire & Cable,https://www.investing.com/equities/asia-pacific-wire
Abraxas Petroleum,https://www.investing.com/equities/abraxas-petroleum
Escalade,https://www.investing.com/equities/escalade
Camden,https://www.investing.com/equities/camden-national
Civista Bancshares,https://www.investing.com/equities/first-citizens-banc-corp
CyberOptics,https://www.investing.com/equities/cyberoptics-corp
Donegal A,https://www.investing.com/equities/donegal-group-(a)
Educational Development,https://www.investing.com/equities/educational-devel
Meat-Tech 3D,https://www.investing.com/equities/d-medical-ind?cid=15922
First Community Bancshares,https://www.investing.com/equities/first-community-b
AstroNova,https://www.investing.com/equities/astro-med
Data I/O,https://www.investing.com/equities/data-i-o-corp
Electro-Sensors,https://www.investing.com/equities/electro-sensors
Bank of Marin,https://www.investing.com/equities/bank-of-marin-ban
Euro Tech,https://www.investing.com/equities/euro-tech-holding
Enterprise,https://www.investing.com/equities/enterprise-bancor
Coca-Cola Bottling,https://www.investing.com/equities/coca-cola-bottlin
Arrow,https://www.investing.com/equities/arrow-financial-corp
Alico,https://www.investing.com/equities/alico
Orix,https://www.investing.com/equities/orix
Airnet Tech,https://www.investing.com/equities/airmedia-group
Fuwei Films Holdings,https://www.investing.com/equities/fuwei-films-(holdings)-co.
Central Valley Community,https://www.investing.com/equities/central-valley
Arts-Way,https://www.investing.com/equities/arts-way-manufacturing
Capital City Bank,https://www.investing.com/equities/capital-city-bank
Graham Holdings,https://www.investing.com/equities/washington-post-co.
Fonar,https://www.investing.com/equities/fonar-corp
Eastern Co,https://www.investing.com/equities/the-eastern-company
China XD Plastics,https://www.investing.com/equities/china-xd-plastics
Engie,https://www.investing.com/equities/gdf-suez?cid=15286
American National Bankshares,https://www.investing.com/equities/american-national-bankshares
Barrett,https://www.investing.com/equities/barrett-business
Artesian,https://www.investing.com/equities/artesian-resource
Citizens&Northern,https://www.investing.com/equities/citizens---northe
Allied Motion,https://www.investing.com/equities/allied-motion-tech
Kyocera ADR,https://www.investing.com/equities/kyocera
Ames,https://www.investing.com/equities/ames-national-corp
Oak Ridge,https://www.investing.com/equities/oak-ridge-financial
Escalon Medical Corp,https://www.investing.com/equities/escalon-medical-c
Community West Bancshares,https://www.investing.com/equities/community-west-bancshares
BankFinancial,https://www.investing.com/equities/bankfinancial-corp
Codorus Valley,https://www.investing.com/equities/codorus-valley
Diamond Hill,https://www.investing.com/equities/diamond-hill-inve
Comstock,https://www.investing.com/equities/comstock-homebuil
First Bancorp Inc,https://www.investing.com/equities/first-bancorp-(me)
Davis Select US Equity,https://www.investing.com/equities/dusa-pharmaceuticals
CF Bankshares,https://www.investing.com/equities/central-federal
ACNB,https://www.investing.com/equities/acnb-corp
Eltek,https://www.investing.com/equities/eltek-ltd
Performance Shipping,https://www.investing.com/equities/diana-containersh
Alithya A,https://www.investing.com/equities/edgewater-technol
BBQ Holdings,https://www.investing.com/equities/famous-daves-of
Deswell Industries,https://www.investing.com/equities/deswell-industries
First Business,https://www.investing.com/equities/first-business
Atlantic American,https://www.investing.com/equities/atlantic-american
Bel Fuse A,https://www.investing.com/equities/bel-fuse-inc-(a)
Industrias Bachoco ADR,https://www.investing.com/equities/industrias-bachoco-sab-adr
1st Constitution Bancorp,https://www.investing.com/equities/1st-constitution
CSP,https://www.investing.com/equities/csp-inc
Ark Restaurants,https://www.investing.com/equities/ark-restaurants-corp
Town Sportss,https://www.investing.com/equities/town-sports-international
AmeriServ,https://www.investing.com/equities/ameriserv
Hong Kong TV Network,https://www.investing.com/equities/city-telecom-hk
Scully Royalty,https://www.investing.com/equities/mfc-industrial
Frequency Electronics,https://www.investing.com/equities/frequency-electro
BOS,https://www.investing.com/equities/b.o.s.-better-onl
America Movil ADR A,https://www.investing.com/equities/america-movil-sab-de-cv
First Capital,https://www.investing.com/equities/first-capital
Air T,https://www.investing.com/equities/air-t
El Paso Energy Capital Trust I,https://www.investing.com/equities/el-paso-corp
Mitsui & Company,https://www.investing.com/equities/mitsui---company-ltd
Computer Task,https://www.investing.com/equities/computer-task
ATRION,https://www.investing.com/equities/atrion-corp
AmTrust Financial,https://www.investing.com/equities/amtrust-financial
Anthera Pharma,https://www.investing.com/equities/anthera-pharmaceuticals
Discovery B,https://www.investing.com/equities/discovery-communications-(b)
Bonso Electronics Int,https://www.investing.com/equities/bonso-electronics
Citizens Community,https://www.investing.com/equities/citizens-community
Colony Bankcorp,https://www.investing.com/equities/colony-bankcorp
Commercial National Financial,https://www.investing.com/equities/commercial-nation
Eagle Montana,https://www.investing.com/equities/eagle-bancorp-mon
C&F Financial,https://www.investing.com/equities/c-f-financial-corp
ESSA Bancorp,https://www.investing.com/equities/essa-bancorp
Elmira Savings Bank,https://www.investing.com/equities/the-elmira-saving
Daily Journal Corp,https://www.investing.com/equities/daily-journal-corp
Acura Pharma,https://www.investing.com/equities/acura-pharmaceuticals
Canterbury Park,https://www.investing.com/equities/canterbury-park
Crumbs,https://www.investing.com/equities/crumbs-bake-shop
CDTi Advanced Materials,https://www.investing.com/equities/clean-diesel-tech
FFD Financial Corp,https://www.investing.com/equities/ffd-financial-corp
Bank of South Carolina,https://www.investing.com/equities/bank-of-south-car
China Auto Logistics,https://www.investing.com/equities/china-auto-logist
Regis Resources,https://www.investing.com/equities/regis-resources-ltd?cid=14595
Donegal B,https://www.investing.com/equities/donegal-group-(b)
LiNiu Tech,https://www.investing.com/equities/iao-kun-group-hld
Cache,https://www.investing.com/equities/cache
China Techfaith,https://www.investing.com/equities/china-techfaith
Destination Maternity,https://www.investing.com/equities/destination-mater
Emclaire,https://www.investing.com/equities/emclaire-financial
Empresas ICA ADR,https://www.investing.com/equities/empresas-ica-soc-con
Auburn,https://www.investing.com/equities/auburn-national-b
Emmis Comm,https://www.investing.com/equities/emmis-communications
American Caresource,https://www.investing.com/equities/american-caresource
ASM ADR,https://www.investing.com/equities/asm-international-nv
ASML Holding,https://www.investing.com/equities/asml-holding?cid=15470
bebe stores,https://www.investing.com/equities/bebe-stores
Citizens,https://www.investing.com/equities/citizens-holding
Polymetal,https://www.investing.com/equities/polymetal?cid=13751
Bon-Ton Stores,https://www.investing.com/equities/the-bon-ton-store
Internet Initiative Japan ADR,https://www.investing.com/equities/internet-initiative-japan
Bridgford,https://www.investing.com/equities/bridgford-foods-c
Puma SE,https://www.investing.com/equities/puma-se-cfd?cid=6309
First Bancshares,https://www.investing.com/equities/first-bancshares
Biostar Pharma,https://www.investing.com/equities/biostar-pharmaceuticals
Gruma SAB de CV,https://www.investing.com/equities/gruma-sab-adr
CBB Bancorp,https://www.investing.com/equities/cbb
Wacoal,https://www.investing.com/equities/wacoal-holdings-corp.
B Communications,https://www.investing.com/equities/b-communication?cid=15533
FalconStor,https://www.investing.com/equities/falconstor-softwa
ARC Group,https://www.investing.com/equities/arc-wireless
McKesson Europe,https://www.investing.com/equities/celesio-mu?cid=6291
Apollo Bancorp,https://www.investing.com/equities/apollo-group-inc
Meredith,https://www.investing.com/equities/meredith-corp
Laird,https://www.investing.com/equities/laird
Merriman,https://www.investing.com/equities/merriman-holdings
New Zealand Oil Gas,https://www.investing.com/equities/nz-oil---gas?cid=14296
Aeon Global,https://www.investing.com/equities/authentidate-hold
Andatee China Marine,https://www.investing.com/equities/andatee-china-marine
Ameritrans Capital,https://www.investing.com/equities/ameritrans-capital
Vereit,https://www.investing.com/equities/american-realty-c
Diversicare,https://www.investing.com/equities/diversicare
Berkshire,https://www.investing.com/equities/berkshire-bancorp
BG Medicine,https://www.investing.com/equities/bg-medicine
Brooks Automation,https://www.investing.com/equities/brooks-automation
CCUR Holdings,https://www.investing.com/equities/concurrent-comput
California First National,https://www.investing.com/equities/california-first
Century Bancorp,https://www.investing.com/equities/century-bancorp
Viewtran,https://www.investing.com/equities/cogo-group
Cornerstone OnDemand,https://www.investing.com/equities/cornerstone-ondem
DSP Group,https://www.investing.com/equities/dsp-group
Dynasil of America,https://www.investing.com/equities/dynasil-corp
Meridian Interstate,https://www.investing.com/equities/meridian-intersta
Echo Global,https://www.investing.com/equities/echo-global-logis
Education Management,https://www.investing.com/equities/education-managem
Exceed Company,https://www.investing.com/equities/exceed-company-lt
Elbit Imaging,https://www.investing.com/equities/elbit-imaging?cid=16000
